PNR,name,ticket_number,from,to,route,flight_date,support_calls,delay_minutes,class
P1000,Chad Barron,T1000,Enugu,Lagos,Enugu → Lagos,2020-10-07,1,24,Economy
P1000,Chad Barron,T1000,Lagos,Enugu,Lagos → Enugu,2020-12-26,2,52,Business
P1001,Teresa Soto,T1001,Owerri,Abuja,Owerri → Abuja,2023-02-27,2,101,Economy
P1001,Teresa Soto,T1001,Abuja,Owerri,Abuja → Owerri,2023-05-27,1,68,Business
P1001,Teresa Soto,T1001,Port Harcourt,Abuja,Port Harcourt → Abuja,2023-08-26,1,45,Business
P1002,Sarah Adams,T1002,Abuja,Owerri,Abuja → Owerri,2023-06-21,3,57,Economy
P1002,Sarah Adams,T1002,Owerri,Abuja,Owerri → Abuja,2023-08-24,3,118,Economy
P1002,Sarah Adams,T1002,Lagos,Enugu,Lagos → Enugu,2023-07-03,1,34,First Class
P1003,Tammy Schneider,T1003,Abuja,Owerri,Abuja → Owerri,2024-03-05,1,21,Economy
P1003,Tammy Schneider,T1003,Owerri,Abuja,Owerri → Abuja,2024-03-15,0,118,Business
P1004,Jacob Ayala,T1004,Abuja,Port Harcourt,Abuja → Port Harcourt,2021-03-04,3,59,Economy
P1005,Brian Jones,T1005,Enugu,Lagos,Enugu → Lagos,2021-06-16,0,79,First Class
P1005,Brian Jones,T1005,Lagos,Enugu,Lagos → Enugu,2021-08-28,3,86,Business
P1005,Brian Jones,T1005,Abuja,Owerri,Abuja → Owerri,2021-12-11,1,9,First Class
P1006,Craig Ewing,T1006,Port Harcourt,Abuja,Port Harcourt → Abuja,2021-11-25,1,54,Economy
P1006,Craig Ewing,T1006,Abuja,Port Harcourt,Abuja → Port Harcourt,2022-01-25,3,20,Business
P1007,Brian Bennett,T1007,Port Harcourt,Abuja,Port Harcourt → Abuja,2022-01-15,0,40,First Class
P1008,James Diaz,T1008,Lagos,Enugu,Lagos → Enugu,2023-12-11,0,98,Economy
P1008,James Diaz,T1008,Enugu,Lagos,Enugu → Lagos,2024-01-18,2,41,First Class
P1009,Kristina Pugh DDS,T1009,Uyo,Lagos,Uyo → Lagos,2022-03-02,3,71,Business
P1009,Kristina Pugh DDS,T1009,Lagos,Uyo,Lagos → Uyo,2022-04-08,1,58,Economy
P1010,Jennifer Munoz,T1010,Enugu,Lagos,Enugu → Lagos,2021-06-12,1,11,First Class
P1010,Jennifer Munoz,T1010,Lagos,Enugu,Lagos → Enugu,2021-08-02,1,73,Business
P1011,David Holland,T1011,Enugu,Lagos,Enugu → Lagos,2022-08-31,3,71,Business
P1011,David Holland,T1011,Lagos,Enugu,Lagos → Enugu,2022-11-23,0,76,Business
P1012,Jill Haynes,T1012,Owerri,Abuja,Owerri → Abuja,2021-05-13,3,8,First Class
P1012,Jill Haynes,T1012,Abuja,Owerri,Abuja → Owerri,2021-05-29,0,84,Business
P1013,Debra Foster,T1013,Uyo,Lagos,Uyo → Lagos,2021-08-21,3,29,Business
P1013,Debra Foster,T1013,Lagos,Uyo,Lagos → Uyo,2021-10-01,1,69,Business
P1014,Matthew Wright,T1014,Port Harcourt,Abuja,Port Harcourt → Abuja,2021-02-05,0,83,Economy
P1014,Matthew Wright,T1014,Abuja,Port Harcourt,Abuja → Port Harcourt,2021-04-12,2,90,Business
P1015,Willie Washington,T1015,Owerri,Abuja,Owerri → Abuja,2020-07-20,1,48,Economy
P1015,Willie Washington,T1015,Abuja,Owerri,Abuja → Owerri,2020-10-17,3,44,First Class
P1016,Francisco Nicholson,T1016,Owerri,Abuja,Owerri → Abuja,2021-11-16,0,110,Business
P1016,Francisco Nicholson,T1016,Abuja,Owerri,Abuja → Owerri,2021-12-06,2,87,Economy
P1017,Jennifer Smith,T1017,Port Harcourt,Abuja,Port Harcourt → Abuja,2023-01-04,2,35,Business
P1017,Jennifer Smith,T1017,Abuja,Port Harcourt,Abuja → Port Harcourt,2023-03-21,1,39,Economy
P1017,Jennifer Smith,T1017,Abuja,Owerri,Abuja → Owerri,2023-01-30,2,80,Business
P1018,Alicia Cobb,T1018,Lagos,Uyo,Lagos → Uyo,2024-03-27,2,111,Economy
P1018,Alicia Cobb,T1018,Uyo,Lagos,Uyo → Lagos,2024-04-21,2,8,Business
P1019,Patty Garcia,T1019,Abuja,Owerri,Abuja → Owerri,2023-07-07,3,116,Business
P1019,Patty Garcia,T1019,Owerri,Abuja,Owerri → Abuja,2023-09-09,1,12,Business
P1019,Patty Garcia,T1019,Port Harcourt,Abuja,Port Harcourt → Abuja,2023-07-29,1,39,Economy
P1020,Walter Bartlett,T1020,Abuja,Port Harcourt,Abuja → Port Harcourt,2022-04-08,2,12,Economy
P1020,Walter Bartlett,T1020,Port Harcourt,Abuja,Port Harcourt → Abuja,2022-04-21,3,118,Business
P1021,Amanda Baker,T1021,Uyo,Lagos,Uyo → Lagos,2022-03-14,2,49,First Class
P1021,Amanda Baker,T1021,Lagos,Uyo,Lagos → Uyo,2022-06-09,0,54,Economy
P1022,Joseph Olson,T1022,Abuja,Owerri,Abuja → Owerri,2020-11-28,1,110,Economy
P1023,Kyle Franco,T1023,Port Harcourt,Abuja,Port Harcourt → Abuja,2023-12-29,0,94,Business
P1023,Kyle Franco,T1023,Abuja,Port Harcourt,Abuja → Port Harcourt,2024-03-06,0,55,First Class
P1024,William Pope,T1024,Owerri,Abuja,Owerri → Abuja,2023-03-29,0,47,Business
P1024,William Pope,T1024,Abuja,Owerri,Abuja → Owerri,2023-06-01,0,31,First Class
P1024,William Pope,T1024,Lagos,Enugu,Lagos → Enugu,2023-09-21,3,117,Economy
P1025,Austin Stevens,T1025,Abuja,Port Harcourt,Abuja → Port Harcourt,2024-02-11,2,115,Business
P1025,Austin Stevens,T1025,Port Harcourt,Abuja,Port Harcourt → Abuja,2024-04-21,0,101,Business
P1026,Jason Nelson,T1026,Enugu,Lagos,Enugu → Lagos,2020-07-23,2,97,Economy
P1026,Jason Nelson,T1026,Lagos,Enugu,Lagos → Enugu,2020-09-19,0,63,First Class
P1027,Raymond Hampton,T1027,Enugu,Lagos,Enugu → Lagos,2021-05-29,1,66,Economy
P1027,Raymond Hampton,T1027,Lagos,Enugu,Lagos → Enugu,2021-07-17,0,73,Economy
P1028,Sandra Munoz,T1028,Abuja,Port Harcourt,Abuja → Port Harcourt,2023-10-25,3,31,Business
P1028,Sandra Munoz,T1028,Port Harcourt,Abuja,Port Harcourt → Abuja,2024-01-01,2,69,Business
P1028,Sandra Munoz,T1028,Uyo,Lagos,Uyo → Lagos,2024-04-06,2,10,First Class
P1029,Mrs. Michele Leonard,T1029,Port Harcourt,Abuja,Port Harcourt → Abuja,2021-10-03,3,39,First Class
P1029,Mrs. Michele Leonard,T1029,Abuja,Port Harcourt,Abuja → Port Harcourt,2021-10-12,0,53,First Class
P1029,Mrs. Michele Leonard,T1029,Abuja,Owerri,Abuja → Owerri,2022-03-12,1,112,Business
P1030,Whitney Mcdonald,T1030,Abuja,Port Harcourt,Abuja → Port Harcourt,2020-10-28,3,95,Economy
P1030,Whitney Mcdonald,T1030,Port Harcourt,Abuja,Port Harcourt → Abuja,2020-12-29,1,35,Business
P1030,Whitney Mcdonald,T1030,Lagos,Enugu,Lagos → Enugu,2021-04-20,0,69,Business
P1031,Derrick Kirby,T1031,Enugu,Lagos,Enugu → Lagos,2022-08-30,2,115,Business
P1032,Christopher Brooks,T1032,Port Harcourt,Abuja,Port Harcourt → Abuja,2022-04-03,1,10,Economy
P1032,Christopher Brooks,T1032,Abuja,Port Harcourt,Abuja → Port Harcourt,2022-06-15,0,103,Economy
P1033,Margaret Miller,T1033,Port Harcourt,Abuja,Port Harcourt → Abuja,2021-01-06,1,76,First Class
P1034,Christopher Merritt,T1034,Abuja,Owerri,Abuja → Owerri,2022-05-27,2,73,Business
P1034,Christopher Merritt,T1034,Owerri,Abuja,Owerri → Abuja,2022-06-14,2,103,Economy
P1035,Jill Shaw,T1035,Abuja,Port Harcourt,Abuja → Port Harcourt,2023-11-03,0,80,First Class
P1035,Jill Shaw,T1035,Port Harcourt,Abuja,Port Harcourt → Abuja,2024-01-01,3,35,Economy
P1036,Danielle Riley,T1036,Lagos,Uyo,Lagos → Uyo,2023-07-30,1,109,Economy
P1037,Brian Baker,T1037,Lagos,Enugu,Lagos → Enugu,2023-03-30,2,106,Business
P1037,Brian Baker,T1037,Enugu,Lagos,Enugu → Lagos,2023-05-21,1,108,Economy
P1037,Brian Baker,T1037,Port Harcourt,Abuja,Port Harcourt → Abuja,2023-07-10,1,58,Business
P1038,Becky Villanueva,T1038,Lagos,Uyo,Lagos → Uyo,2022-03-08,3,89,Business
P1039,Thomas Gonzalez,T1039,Lagos,Uyo,Lagos → Uyo,2021-03-16,0,114,Economy
P1039,Thomas Gonzalez,T1039,Uyo,Lagos,Uyo → Lagos,2021-05-23,1,70,First Class
P1040,Christine Beltran,T1040,Lagos,Enugu,Lagos → Enugu,2020-12-01,3,48,Business
P1041,Wendy Schwartz,T1041,Port Harcourt,Abuja,Port Harcourt → Abuja,2023-10-12,0,113,First Class
P1041,Wendy Schwartz,T1041,Abuja,Port Harcourt,Abuja → Port Harcourt,2023-11-08,0,75,First Class
P1042,Kristin Foster,T1042,Enugu,Lagos,Enugu → Lagos,2022-03-15,2,58,Economy
P1042,Kristin Foster,T1042,Lagos,Enugu,Lagos → Enugu,2022-05-23,3,117,First Class
P1043,Sarah Bond,T1043,Lagos,Enugu,Lagos → Enugu,2023-04-23,1,5,Economy
P1043,Sarah Bond,T1043,Enugu,Lagos,Enugu → Lagos,2023-06-08,1,11,First Class
P1044,Melissa Kim,T1044,Port Harcourt,Abuja,Port Harcourt → Abuja,2023-09-20,2,90,Business
P1044,Melissa Kim,T1044,Abuja,Port Harcourt,Abuja → Port Harcourt,2023-12-17,1,86,Economy
P1045,Michelle Forbes,T1045,Abuja,Port Harcourt,Abuja → Port Harcourt,2022-11-09,0,23,First Class
P1045,Michelle Forbes,T1045,Port Harcourt,Abuja,Port Harcourt → Abuja,2023-01-21,1,104,Business
P1046,Larry Lopez,T1046,Abuja,Port Harcourt,Abuja → Port Harcourt,2021-12-07,1,41,Business
P1046,Larry Lopez,T1046,Port Harcourt,Abuja,Port Harcourt → Abuja,2022-02-05,3,8,First Class
P1046,Larry Lopez,T1046,Lagos,Enugu,Lagos → Enugu,2022-02-15,3,13,Business
P1047,Christine Foster,T1047,Lagos,Uyo,Lagos → Uyo,2023-02-11,0,61,Economy
P1047,Christine Foster,T1047,Uyo,Lagos,Uyo → Lagos,2023-02-28,1,7,First Class
P1047,Christine Foster,T1047,Abuja,Port Harcourt,Abuja → Port Harcourt,2023-04-02,1,97,Economy
P1048,James Reeves,T1048,Abuja,Owerri,Abuja → Owerri,2021-09-12,1,5,First Class
P1048,James Reeves,T1048,Owerri,Abuja,Owerri → Abuja,2021-11-20,1,40,First Class
P1048,James Reeves,T1048,Port Harcourt,Abuja,Port Harcourt → Abuja,2022-02-25,1,1,Business
P1049,Jennifer Gonzalez,T1049,Enugu,Lagos,Enugu → Lagos,2022-01-05,2,81,Business
P1050,Elizabeth Young,T1050,Lagos,Uyo,Lagos → Uyo,2021-02-26,0,74,Business
P1050,Elizabeth Young,T1050,Uyo,Lagos,Uyo → Lagos,2021-04-29,0,27,Business
P1050,Elizabeth Young,T1050,Uyo,Lagos,Uyo → Lagos,2021-07-04,2,37,First Class
P1051,James Wallace,T1051,Abuja,Owerri,Abuja → Owerri,2023-12-28,3,63,Economy
P1051,James Wallace,T1051,Owerri,Abuja,Owerri → Abuja,2024-02-06,1,23,First Class
P1051,James Wallace,T1051,Uyo,Lagos,Uyo → Lagos,2024-02-20,2,42,Economy
P1052,Heather Williams,T1052,Owerri,Abuja,Owerri → Abuja,2024-03-03,3,14,Economy
P1052,Heather Williams,T1052,Abuja,Owerri,Abuja → Owerri,2024-04-20,0,99,Business
P1052,Heather Williams,T1052,Abuja,Port Harcourt,Abuja → Port Harcourt,2024-06-13,0,18,Economy
P1053,Steven Bradley,T1053,Abuja,Owerri,Abuja → Owerri,2024-01-07,0,112,First Class
P1053,Steven Bradley,T1053,Owerri,Abuja,Owerri → Abuja,2024-03-01,2,94,Business
P1053,Steven Bradley,T1053,Uyo,Lagos,Uyo → Lagos,2024-05-12,2,107,First Class
P1054,Angelica Johnson,T1054,Lagos,Uyo,Lagos → Uyo,2022-12-23,1,25,Economy
P1054,Angelica Johnson,T1054,Uyo,Lagos,Uyo → Lagos,2023-01-16,1,120,First Class
P1055,Samantha Brown,T1055,Enugu,Lagos,Enugu → Lagos,2022-03-08,1,114,Business
P1055,Samantha Brown,T1055,Lagos,Enugu,Lagos → Enugu,2022-04-16,1,73,First Class
P1056,Mr. Thomas Lin,T1056,Abuja,Owerri,Abuja → Owerri,2021-11-06,0,108,Economy
P1057,Jason Mccall,T1057,Owerri,Abuja,Owerri → Abuja,2021-08-23,2,98,Business
P1058,Elizabeth Anderson,T1058,Port Harcourt,Abuja,Port Harcourt → Abuja,2022-05-07,0,18,First Class
P1059,Julia Robinson,T1059,Enugu,Lagos,Enugu → Lagos,2024-02-16,3,17,Economy
P1059,Julia Robinson,T1059,Lagos,Enugu,Lagos → Enugu,2024-04-30,2,105,First Class
P1059,Julia Robinson,T1059,Port Harcourt,Abuja,Port Harcourt → Abuja,2024-07-25,1,108,Business
P1060,Jamie Wright,T1060,Lagos,Uyo,Lagos → Uyo,2023-09-30,1,114,First Class
P1060,Jamie Wright,T1060,Uyo,Lagos,Uyo → Lagos,2023-11-27,2,21,Economy
P1060,Jamie Wright,T1060,Port Harcourt,Abuja,Port Harcourt → Abuja,2024-02-11,3,88,First Class
P1061,Tyler Patrick,T1061,Port Harcourt,Abuja,Port Harcourt → Abuja,2023-11-03,2,20,Business
P1061,Tyler Patrick,T1061,Abuja,Port Harcourt,Abuja → Port Harcourt,2023-12-19,1,79,Economy
P1062,Kathy Klein,T1062,Lagos,Enugu,Lagos → Enugu,2022-09-07,0,44,Economy
P1063,Timothy Johnson,T1063,Abuja,Owerri,Abuja → Owerri,2022-09-27,0,24,First Class
P1064,Jennifer Russo,T1064,Port Harcourt,Abuja,Port Harcourt → Abuja,2020-12-21,2,8,First Class
P1065,Mark Clarke,T1065,Abuja,Port Harcourt,Abuja → Port Harcourt,2023-11-08,2,52,First Class
P1065,Mark Clarke,T1065,Port Harcourt,Abuja,Port Harcourt → Abuja,2023-12-30,0,83,First Class
P1066,Samantha Stewart,T1066,Port Harcourt,Abuja,Port Harcourt → Abuja,2023-03-02,2,76,First Class
P1067,Ryan Johnson,T1067,Uyo,Lagos,Uyo → Lagos,2023-09-24,0,103,Business
P1068,Anthony Cooke,T1068,Abuja,Port Harcourt,Abuja → Port Harcourt,2024-01-29,1,24,Economy
P1069,Jonathan Greene,T1069,Port Harcourt,Abuja,Port Harcourt → Abuja,2021-06-07,2,109,First Class
P1070,Mary Rodriguez,T1070,Port Harcourt,Abuja,Port Harcourt → Abuja,2022-11-20,0,118,Business
P1071,Mary Stanley,T1071,Owerri,Abuja,Owerri → Abuja,2023-04-04,1,42,First Class
P1071,Mary Stanley,T1071,Abuja,Owerri,Abuja → Owerri,2023-04-10,2,37,First Class
P1071,Mary Stanley,T1071,Lagos,Enugu,Lagos → Enugu,2023-06-07,1,16,Economy
P1072,Michelle Li,T1072,Lagos,Uyo,Lagos → Uyo,2023-06-13,2,51,Economy
P1072,Michelle Li,T1072,Uyo,Lagos,Uyo → Lagos,2023-08-07,2,4,Business
P1073,David Morrison,T1073,Uyo,Lagos,Uyo → Lagos,2023-07-18,2,7,First Class
P1074,Christian Reed,T1074,Abuja,Port Harcourt,Abuja → Port Harcourt,2022-12-21,3,41,Economy
P1074,Christian Reed,T1074,Port Harcourt,Abuja,Port Harcourt → Abuja,2022-12-30,0,24,First Class
P1075,Tammy Gilmore,T1075,Enugu,Lagos,Enugu → Lagos,2024-01-13,2,107,Business
P1075,Tammy Gilmore,T1075,Lagos,Enugu,Lagos → Enugu,2024-01-23,3,11,First Class
P1075,Tammy Gilmore,T1075,Abuja,Owerri,Abuja → Owerri,2024-03-13,3,117,Business
P1076,William Warren,T1076,Uyo,Lagos,Uyo → Lagos,2021-09-20,1,16,First Class
P1077,Christine Gonzalez,T1077,Owerri,Abuja,Owerri → Abuja,2022-01-16,2,114,Business
P1077,Christine Gonzalez,T1077,Abuja,Owerri,Abuja → Owerri,2022-02-20,2,47,Economy
P1078,Laura Garcia,T1078,Port Harcourt,Abuja,Port Harcourt → Abuja,2021-07-23,0,58,Business
P1078,Laura Garcia,T1078,Abuja,Port Harcourt,Abuja → Port Harcourt,2021-10-11,2,113,Economy
P1079,William Pacheco,T1079,Abuja,Port Harcourt,Abuja → Port Harcourt,2021-07-20,3,44,Economy
P1079,William Pacheco,T1079,Port Harcourt,Abuja,Port Harcourt → Abuja,2021-09-29,3,77,Economy
P1079,William Pacheco,T1079,Uyo,Lagos,Uyo → Lagos,2021-08-13,3,43,Business
P1080,Jack Hensley,T1080,Port Harcourt,Abuja,Port Harcourt → Abuja,2023-04-16,0,105,Economy
P1080,Jack Hensley,T1080,Abuja,Port Harcourt,Abuja → Port Harcourt,2023-06-19,0,31,First Class
P1080,Jack Hensley,T1080,Enugu,Lagos,Enugu → Lagos,2023-05-20,3,82,Economy
P1081,Elizabeth Bennett,T1081,Enugu,Lagos,Enugu → Lagos,2020-12-16,2,105,First Class
P1081,Elizabeth Bennett,T1081,Lagos,Enugu,Lagos → Enugu,2021-03-12,0,21,Business
P1082,Allison Ramirez,T1082,Port Harcourt,Abuja,Port Harcourt → Abuja,2022-12-20,3,47,Business
P1082,Allison Ramirez,T1082,Abuja,Port Harcourt,Abuja → Port Harcourt,2022-12-28,2,41,Business
P1082,Allison Ramirez,T1082,Enugu,Lagos,Enugu → Lagos,2023-02-28,3,101,Economy
P1083,David White,T1083,Abuja,Port Harcourt,Abuja → Port Harcourt,2020-09-13,2,23,Business
P1083,David White,T1083,Port Harcourt,Abuja,Port Harcourt → Abuja,2020-10-24,1,87,Economy
P1084,Debra Fields,T1084,Abuja,Port Harcourt,Abuja → Port Harcourt,2024-01-24,1,113,Business
P1085,Douglas Taylor,T1085,Lagos,Enugu,Lagos → Enugu,2024-01-14,2,66,Business
P1086,Scott Clark,T1086,Port Harcourt,Abuja,Port Harcourt → Abuja,2021-02-26,0,78,First Class
P1087,Tyler Walton MD,T1087,Abuja,Owerri,Abuja → Owerri,2023-10-25,0,74,Business
P1087,Tyler Walton MD,T1087,Owerri,Abuja,Owerri → Abuja,2023-11-12,0,33,Business
P1088,Joseph Jones,T1088,Abuja,Port Harcourt,Abuja → Port Harcourt,2024-01-07,0,32,Economy
P1088,Joseph Jones,T1088,Port Harcourt,Abuja,Port Harcourt → Abuja,2024-01-12,2,7,First Class
P1089,Patrick Fisher,T1089,Lagos,Uyo,Lagos → Uyo,2023-07-29,1,96,First Class
P1089,Patrick Fisher,T1089,Uyo,Lagos,Uyo → Lagos,2023-09-15,0,86,Business
P1090,Debbie Jones,T1090,Port Harcourt,Abuja,Port Harcourt → Abuja,2022-05-22,3,42,Economy
P1090,Debbie Jones,T1090,Abuja,Port Harcourt,Abuja → Port Harcourt,2022-06-02,0,33,Business
P1090,Debbie Jones,T1090,Lagos,Uyo,Lagos → Uyo,2022-08-30,1,79,First Class
P1091,Kevin Moore,T1091,Lagos,Enugu,Lagos → Enugu,2023-04-08,2,6,First Class
P1091,Kevin Moore,T1091,Enugu,Lagos,Enugu → Lagos,2023-06-26,0,114,Business
P1091,Kevin Moore,T1091,Abuja,Port Harcourt,Abuja → Port Harcourt,2023-10-01,1,86,First Class
P1092,Ashley Hart,T1092,Port Harcourt,Abuja,Port Harcourt → Abuja,2023-09-13,0,54,Business
P1092,Ashley Hart,T1092,Abuja,Port Harcourt,Abuja → Port Harcourt,2023-12-01,0,80,First Class
P1093,Matthew Guerra,T1093,Port Harcourt,Abuja,Port Harcourt → Abuja,2021-02-23,0,80,First Class
P1094,Derrick Foster,T1094,Owerri,Abuja,Owerri → Abuja,2022-12-16,2,13,Economy
P1094,Derrick Foster,T1094,Abuja,Owerri,Abuja → Owerri,2023-02-05,3,49,Business
P1094,Derrick Foster,T1094,Port Harcourt,Abuja,Port Harcourt → Abuja,2023-02-14,3,38,Economy
P1095,Jacqueline Anderson,T1095,Abuja,Port Harcourt,Abuja → Port Harcourt,2021-02-16,1,11,Business
P1096,Andrew Acosta,T1096,Abuja,Port Harcourt,Abuja → Port Harcourt,2021-06-02,0,12,Business
P1096,Andrew Acosta,T1096,Port Harcourt,Abuja,Port Harcourt → Abuja,2021-06-24,1,24,First Class
P1097,Michael Cole,T1097,Port Harcourt,Abuja,Port Harcourt → Abuja,2022-12-29,2,75,Business
P1097,Michael Cole,T1097,Abuja,Port Harcourt,Abuja → Port Harcourt,2023-01-27,0,107,Business
P1097,Michael Cole,T1097,Lagos,Uyo,Lagos → Uyo,2023-01-16,3,86,Economy
P1098,Sara Gonzalez,T1098,Enugu,Lagos,Enugu → Lagos,2020-12-14,1,107,Business
P1098,Sara Gonzalez,T1098,Lagos,Enugu,Lagos → Enugu,2021-01-24,1,63,Economy
P1098,Sara Gonzalez,T1098,Port Harcourt,Abuja,Port Harcourt → Abuja,2021-03-08,1,102,Business
P1099,Ashley Bradford,T1099,Lagos,Enugu,Lagos → Enugu,2022-10-26,1,103,Economy
